{"cameraMode":{"drawMode":0,"name":"Shaded","section":"Shading Mode"},"sceneLighting":false,"audioPlay":false,"sceneViewState":{"m_AlwaysRefresh":false,"showFog":true,"showSkybox":false,"showFlares":true,"showImageEffects":true,"showParticleSystems":true,"showVisualEffectGraphs":true,"m_FxEnabled":true},"in2DMode":false,"pivot":{"x":11.838943481445313,"y":2.8219759464263918,"z":17.961889266967775},"rotation":{"x":0.27189379930496218,"y":0.015877535566687585,"z":-0.004486627411097288,"w":0.9621871709823608},"size":0.6893414855003357,"orthographic":false}