{"cameraMode":{"drawMode":0,"name":"Shaded","section":"Shading Mode"},"sceneLighting":false,"audioPlay":false,"sceneViewState":{"m_AlwaysRefresh":false,"showFog":true,"showSkybox":false,"showFlares":true,"showImageEffects":true,"showParticleSystems":true,"showVisualEffectGraphs":true,"m_FxEnabled":true},"in2DMode":false,"pivot":{"x":10.013772010803223,"y":1.4166278839111329,"z":9.132607460021973},"rotation":{"x":-0.5069320201873779,"y":0.027407798916101457,"z":-0.016160238534212114,"w":-0.8614435791969299},"size":10.509662628173829,"orthographic":false}